<?xml version="1.0" encoding="UTF-8"?>
<project-private xmlns="http://www.netbeans.org/ns/project-private/1">
    <editor-bookmarks xmlns="http://www.netbeans.org/ns/editor-bookmarks/2" lastBookmarkId="0"/>
    <open-files xmlns="http://www.netbeans.org/ns/projectui-open-files/2">
        <group>
            <file>file:/C:/Users/Usuario/Desktop/programacion/codigos/ESPE202011-FP-GEO-3285/Examns/Unit%203/ExamFPTGps/src/ec/edu/espe/Gps/Controler/GpsController.java</file>
            <file>file:/C:/Users/Usuario/Desktop/programacion/codigos/ESPE202011-FP-GEO-3285/Examns/Unit%203/ExamFPTGps/src/ec/edu/espe/Gps/view/FrmGps.java</file>
            <file>file:/C:/Users/Usuario/Desktop/programacion/codigos/ESPE202011-FP-GEO-3285/Examns/Unit%203/ExamFPTGps/src/ec/edu/espe/Gps/model/Gps.java</file>
            <file>file:/C:/Users/Usuario/Desktop/programacion/codigos/ESPE202011-FP-GEO-3285/Examns/Unit%203/ExamFPTGps/src/Utils/FileManager.java</file>
        </group>
    </open-files>
</project-private>
